category,Learning Rate,Batch Size,mean Val F1 Score,mean Test F1 Score,std Test F1 Score
final_lab-manual-mm_film_checkpoint-881659.xlsx,1e-05,16.0,0.715477211260635,0.6750787347117218,0.041658222313369735
final_lab-manual-pc-split_film_checkpoint-881659.xlsx,0.0001,32.0,0.627906506669834,0.4962856156782817,0.03663270935969605
final_lab-manual-combine_film_checkpoint-881659.xlsx,1e-05,4.0,0.731569878870454,0.6665566945732557,0.024740931027621565
final_lab-manual-mm-split_film_checkpoint-881659.xlsx,1e-05,8.0,0.7367706341923408,0.6850039805899594,0.037179221327736614
final_lab-manual-sp-split_film_checkpoint-881659.xlsx,0.0001,32.0,0.6894919917146619,0.6341969732668972,0.04225840676574811
final_lab-manual-split-combine_film_checkpoint-881659.xlsx,1e-05,16.0,0.7184374226704637,0.6915998618179051,0.015804170650461108
final_lab-manual-pc_film_checkpoint-881659.xlsx,1e-05,8.0,0.66826450456481,0.5241539033218491,0.040917821578200515
final_lab-manual-sp_film_checkpoint-881659.xlsx,1e-05,4.0,0.7104567086194797,0.6757398844412421,0.04157257219613948
